GPT_4_MINI_Small_Batch_Freq_to_Infreq_3,,,,,,,,,,,,,,,,,,,,,,,,,,,,,,,,,,,,,,,,,,,,,,,,,,,,,,,
Statistical analysis:,,,,,,,,,,,,,,,,,,,,,,,,,,,,,,,,,,,,,,,,,,,,,,,,,,,,,,,
Total Guesses:,72,,,,,,,,,,,,,,,,,,,,,,,,,,,,,,,,,,,,,,,,,,,,,,,,,,,,,,
Total Akkadian Guesses:,72,,,,,,,,,,,,,,,,,,,,,,,,,,,,,,,,,,,,,,,,,,,,,,,,,,,,,,
Total Correct Akkadian Guesses:,4,Percent Correct Guesses:,0.055555556,,,,,,,,,,,,,,,,,,,,,,,,,,,,,,,,,,,,,,,,,,,,,,,,,,,,
Total Incorrect Akkadian Guesses:,68,Percent Incorrect Guesses:,0.944444444,,,,,,,,,,,,,,,,,,,,,,,,,,,,,,,,,,,,,,,,,,,,,,,,,,,,
Total Sumerian Guesses:,0,,,,,,,,,,,,,,,,,,,,,,,,,,,,,,,,,,,,,,,,,,,,,,,,,,,,,,
Total Emesal Guesses:,0,,,,,,,,,,,,,,,,,,,,,,,,,,,,,,,,,,,,,,,,,,,,,,,,,,,,,,
,,,,,,,,,,,,,,,,,,,,,,,,,,,,,,,,,,,,,,,,,,,,,,,,,,,,,,,
Qualitative analysis:,,,,,,,,,,,,,,,,,,,,,,,,,,,,,,,,,,,,,,,,,,,,,,,,,,,,,,,
Description:,training with statements and questions in small batches of 4 lemmas x20. between batches, alternate between only questions and only statements. train on frequent then infrequent batches. give only context as example sentence. for training: 16 high frequency,24 low frequency, all sumerian/emesal. test batch size = 20. no small mistake correction, no common mistake correction, but negative reinforcement used in training. Example sentence masks turned off.,,,,,,,,,,,,,,,,,,,,,,,,,,,,,,,,,,,,,,,,,,,,,,,,,
Model used:,GPT_4_MINI,,,,,,,,,,,,,,,,,,,,,,,,,,,,,,,,,,,,,,,,,,,,,,,,,,,,,,
Prompts used:,,,,,,,,,,,,,,,,,,,,,,,,,,,,,,,,,,,,,,,,,,,,,,,,,,,,,,,
['instruction 1: ', ['The', 'following', 'is', 'a', 'conversation', 'between', 'two', 'Akkadian', 'language', 'experts.', 'One', 'guesses', 'the', 'lemma', 'of', 'a', 'provided', 'clean', 'value', 'while', 'the', 'other', 'indicates', 'whether', 'they', 'are', 'correct', 'or', 'not.', 'Using', 'your', 'knowledge', 'of', 'linguistic', 'analysis', 'and', 'the', 'information', 'shared', 'in', 'this', 'conversation', 'you', 'will', 'perform', 'the', 'task', 'of', 'identifying', 'the', 'lemmas', 'of', 'words', 'from', 'Akkadian.\n']]
['instruction 2: ', ['A', 'lemma', 'is', 'defined', 'as', 'the', 'root', 'form', 'of', 'a', 'word', 'without', 'conjugation.', 'Also', 'known', 'as', 'one', 'that', 'would', 'be', 'listed', 'in', 'a', 'dictionary', 'entry', 'for', 'the', 'word.\n']],,,,,,,,,,,,,,,,,,,,,,,,,,,
['instruction 3: ', ['You', 'will', 'be', 'given', 'the', 'word', 'which', 'you', 'need', 'to', 'identify.', 'Sometimes', 'you', 'will', 'be', 'given', 'contextual', 'information', 'such', 'as', 'the', 'language', 'the', 'word', 'is', 'found', 'in', 'as', 'well', 'as', 'an', 'example', 'of', 'its', 'use', 'in', 'a', 'sentence.', '\n']],,,,,,,,,,,,,,,,
['instruction 4: ', ['Return', 'a', 'single', 'word', 'without', 'explanation', 'nor', 'formatting', 'when', 'asked', 'for', 'the', 'lemma', 'of', 'a', 'word.\n']],,,,,,,,,,,,,,,,,,,,,,,,,,,,,,,,,,,,,,,
['training statement prompt: ', ['The', 'lemma', 'of', '', '[P]', '', 'is', '', '[P]', '.\n']],,,,,,,,,,,,,,,,,,,,,,,,,,,,,,,,,,,,,,,,,,,,,
['test question prompt: ', ['What', 'is', 'the', 'lemma', 'of', '', '[P]', '?\n']],,,,,,,,,,,,,,,,,,,,,,,,,,,,,,,,,,,,,,,,,,,,,,,
['example sentence context prompt: ', ['An', 'example', 'sentence', 'using', 'this', 'word', 'is', '', '[P]', '.\n']],,,,,,,,,,,,,,,,,,,,,,,,,,,,,,,,,,,,,,,,,,,,,
['negative reinforcement prompt: ', ['Your', 'response', 'is', 'incorrect.', 'The', 'lemma', 'of', '', '[P]', '', 'is', '', '[P]', '.\n']],,,,,,,,,,,,,,,,,,,,,,,,,,,,,,,,,,,,,,,,,
['small mistake negative reinforcement prompt: ', ['The', 'correct', 'lemma', 'is', 'slightly', 'different.\n']],,,,,,,,,,,,,,,,,,,,,,,,,,,,,,,,,,,,,,,,,,,,,,,,,
['common mistake negative reinforcement prompt: '," ['""When'", 'given', 'words', 'whose', 'lemma', 'is', '', '[P]', '']],,,,,,,,,,,,,,,,,,,,,,,,,,,,,,,,,,,,,,,,,,,,,,
['instruction 1: ', ['The', 'following', 'is', 'a', 'conversation', 'between', 'two', 'Akkadian', 'language', 'experts.', 'One', 'guesses', 'the', 'lemma', 'of', 'a', 'provided', 'clean', 'value', 'while', 'the', 'other', 'indicates', 'whether', 'they', 'are', 'correct', 'or', 'not.', 'Using', 'your', 'knowledge', 'of', 'linguistic', 'analysis', 'and', 'the', 'information', 'shared', 'in', 'this', 'conversation', 'you', 'will', 'perform', 'the', 'task', 'of', 'identifying', 'the', 'lemmas', 'of', 'words', 'from', 'Akkadian.\n']]
['instruction 2: ', ['A', 'lemma', 'is', 'defined', 'as', 'the', 'root', 'form', 'of', 'a', 'word', 'without', 'conjugation.', 'Also', 'known', 'as', 'one', 'that', 'would', 'be', 'listed', 'in', 'a', 'dictionary', 'entry', 'for', 'the', 'word.\n']],,,,,,,,,,,,,,,,,,,,,,,,,,,
['instruction 3: ', ['You', 'will', 'be', 'given', 'the', 'word', 'which', 'you', 'need', 'to', 'identify.', 'Sometimes', 'you', 'will', 'be', 'given', 'contextual', 'information', 'such', 'as', 'the', 'language', 'the', 'word', 'is', 'found', 'in', 'as', 'well', 'as', 'an', 'example', 'of', 'its', 'use', 'in', 'a', 'sentence.', '\n']],,,,,,,,,,,,,,,,
['instruction 4: ', ['Return', 'a', 'single', 'word', 'without', 'explanation', 'nor', 'formatting', 'when', 'asked', 'for', 'the', 'lemma', 'of', 'a', 'word.\n']],,,,,,,,,,,,,,,,,,,,,,,,,,,,,,,,,,,,,,,
['training statement prompt: ', ['The', 'lemma', 'of', '', '[P]', '', 'is', '', '[P]', '.\n']],,,,,,,,,,,,,,,,,,,,,,,,,,,,,,,,,,,,,,,,,,,,,
['test question prompt: ', ['What', 'is', 'the', 'lemma', 'of', '', '[P]', '?\n']],,,,,,,,,,,,,,,,,,,,,,,,,,,,,,,,,,,,,,,,,,,,,,,
['example sentence context prompt: ', ['An', 'example', 'sentence', 'using', 'this', 'word', 'is', '', '[P]', '.\n']],,,,,,,,,,,,,,,,,,,,,,,,,,,,,,,,,,,,,,,,,,,,,
['negative reinforcement prompt: ', ['Your', 'response', 'is', 'incorrect.', 'The', 'lemma', 'of', '', '[P]', '', 'is', '', '[P]', '.\n']],,,,,,,,,,,,,,,,,,,,,,,,,,,,,,,,,,,,,,,,,
['small mistake negative reinforcement prompt: ', ['The', 'correct', 'lemma', 'is', 'slightly', 'different.\n']],,,,,,,,,,,,,,,,,,,,,,,,,,,,,,,,,,,,,,,,,,,,,,,,,
['common mistake negative reinforcement prompt: '," ['""When'", 'given', 'words', 'whose', 'lemma', 'is', '', '[P]', '']],,,,,,,,,,,,,,,,,,,,,,,,,,,,,,,,,,,,,,,,,,,,,,
,,,,,,,,,,,,,,,,,,,,,,,,,,,,,,,,,,,,,,,,,,,,,,,,,,,,,,,
Tested Lemmas:,Total Tests,,Percent Correct,Percent Incorrect,Incorrect Guesses,,,,,,,,,,,,,,,,,,,,,,,,,,,,,,,,,,,,,,,,,,,,,,,,,,
niphu I,14,0,1,,,,,,,,,,,,,,,,,,,,,,,,,,,,,,,,,,,,,,,,,,,,,,,,,,,,
,WordType: UNKNOWN,,,,,,,,,,,,,,,,,,,,,,,,,,,,,,,,,,,,,,,,,,,,,,,,,,,,,,
,Language: AKKADIAN,,,,,,,,,,,,,,,,,,,,,,,,,,,,,,,,,,,,,,,,,,,,,,,,,,,,,,
,Tested Clean Values,,,,,,,,,,,,,,,,,,,,,,,,,,,,,,,,,,,,,,,,,,,,,,,,,,,,,,
,KUR,1,0,1,( mātu I | ina {iti}BARA₂ KUR MUD₂ SU₃ sipdaatu₄ NU GU₇ti {d}IŠKUR ina KUR I₃.GAL₂ ),,,,,,,,,,,,,,,,,,,,,,,,,,,,,,,,,,,,,,,,,,,,,,,,,,
,niiphat,1,0,1,( niḫu I | napar₂qud niiphat ),,,,,,,,,,,,,,,,,,,,,,,,,,,,,,,,,,,,,,,,,,,,,,,,,,
,IZI.GAR,1,0,1,( garu I | BE MANu₂ MUNI {giš}TUKUL IZI.GAR 2ma rediš GARMEŠ ulluuṣ ŠA₃bi ša₂ KUR₂ anniti GIŠ.HURšu₂ ),,,,,,,,,,,,,,,,,,,,,,,,,,,,,,,,,,,,,,,,,,,,,,,,,,
,IZI.GARšu₂,1,0,1,( garu I | Ea ša₂niš šikin IZI.GARšu₂ KUDas ),,,,,,,,,,,,,,,,,,,,,,,,,,,,,,,,,,,,,,,,,,,,,,,,,,
,nipi₂ih,1,0,1,( nipi I | nipi₂ih ),,,,,,,,,,,,,,,,,,,,,,,,,,,,,,,,,,,,,,,,,,,,,,,,,,
,IZI.GARMEŠ,1,0,1,( garu I | {uzu}UR₅.UŠ₂ SILIMti IZI.GARMEŠ GARMEŠ SILIMti SILIMat ),,,,,,,,,,,,,,,,,,,,,,,,,,,,,,,,,,,,,,,,,,,,,,,,,,
,niiphu,1,0,1,( nīpu I | DIGIRMEŠ KI KUR zenu niiphu ina KUR ),,,,,,,,,,,,,,,,,,,,,,,,,,,,,,,,,,,,,,,,,,,,,,,,,,
,KURšu,1,0,1,( mātu I | TA KURšu ša₃bihaam ariim ŠEG₃ ANe tal₂laat ),,,,,,,,,,,,,,,,,,,,,,,,,,,,,,,,,,,,,,,,,,,,,,,,,,
,KURša₂,1,0,1,( mātu I | {mul}delebat ina KURša₂ GIM MURU₉ GAL₂ MU NU GAL₂ MU BI ŠEG₃ ),,,,,,,,,,,,,,,,,,,,,,,,,,,,,,,,,,,,,,,,,,,,,,,,,,
,nipiih,1,0,1,( nāpāhu I | nipiih ZABAR ina ),,,,,,,,,,,,,,,,,,,,,,,,,,,,,,,,,,,,,,,,,,,,,,,,,,
,niiphišu₂,1,0,1,( niḫu I | mamit {d}UTU ina niiphišu₂ tamuu₂ ),,,,,,,,,,,,,,,,,,,,,,,,,,,,,,,,,,,,,,,,,,,,,,,,,,
,niiphaati,1,0,1,( niḫpātu I | kabsu niiphaati ),,,,,,,,,,,,,,,,,,,,,,,,,,,,,,,,,,,,,,,,,,,,,,,,,,
,nipiihšu₂,1,0,1,( nipi I | ša₂ nipiihšu₂ ezzu EN ),,,,,,,,,,,,,,,,,,,,,,,,,,,,,,,,,,,,,,,,,,,,,,,,,,
,ni₅pi₂ih,1,0,1,( niḫpu I | {iti}KIN TA U₄ EN U₄ lu KUN.SAG.GA₂ lu UB.LIL₂.LA lu BARA₂ lu BARA₂.SI.GA₂ lu IM.DU₃.A DU₃uš ni₅pi₂ih IZI ),,,,,,,,,,,,,,,,,,,,,,,,,,,,,,,,,,,,,,,,,,,,,,,,,,
nīšu II,7,0,1,,,,,,,,,,,,,,,,,,,,,,,,,,,,,,,,,,,,,,,,,,,,,,,,,,,,
,WordType: UNKNOWN,,,,,,,,,,,,,,,,,,,,,,,,,,,,,,,,,,,,,,,,,,,,,,,,,,,,,,
,Language: AKKADIAN,,,,,,,,,,,,,,,,,,,,,,,,,,,,,,,,,,,,,,,,,,,,,,,,,,,,,,
,Tested Clean Values,,,,,,,,,,,,,,,,,,,,,,,,,,,,,,,,,,,,,,,,,,,,,,,,,,,,,,
,ZI,1,0,1,( zi I | ZI ANe u KIti₃ ),,,,,,,,,,,,,,,,,,,,,,,,,,,,,,,,,,,,,,,,,,,,,,,,,,
,niš,1,0,1,( nišu I | niš GALMEŠ ),,,,,,,,,,,,,,,,,,,,,,,,,,,,,,,,,,,,,,,,,,,,,,,,,,
,niiš,1,0,1,( nīšu I | niiš ANe lu tamata niiš lu ),,,,,,,,,,,,,,,,,,,,,,,,,,,,,,,,,,,,,,,,,,,,,,,,,,
,MU,1,0,1,( mu I | MU LUGAL.LA.BI IN.PAD₃ ),,,,,,,,,,,,,,,,,,,,,,,,,,,,,,,,,,,,,,,,,,,,,,,,,,
,MAN,1,0,1,( manu I | MAN u KIti₃ tum₃mešu₂nuti ),,,,,,,,,,,,,,,,,,,,,,,,,,,,,,,,,,,,,,,,,,,,,,,,,,
,niška,1,0,1,( nišku I | niška kabtu qališ azzakar ),,,,,,,,,,,,,,,,,,,,,,,,,,,,,,,,,,,,,,,,,,,,,,,,,,
,nišu₂,1,0,1,( nišu I | ennitti liriq nišu₂ littakkiš ),,,,,,,,,,,,,,,,,,,,,,,,,,,,,,,,,,,,,,,,,,,,,,,,,,
šakāku I,6,0,1,,,,,,,,,,,,,,,,,,,,,,,,,,,,,,,,,,,,,,,,,,,,,,,,,,,,
,WordType: UNKNOWN,,,,,,,,,,,,,,,,,,,,,,,,,,,,,,,,,,,,,,,,,,,,,,,,,,,,,,
,Language: AKKADIAN,,,,,,,,,,,,,,,,,,,,,,,,,,,,,,,,,,,,,,,,,,,,,,,,,,,,,,
,Tested Clean Values,,,,,,,,,,,,,,,,,,,,,,,,,,,,,,,,,,,,,,,,,,,,,,,,,,,,,,
,E₃,1,0,1,( bītu I | {u₂}IGI.20 ina KUŠ NA₄MEŠ birrat IGIMIN ina GU GADA E₃ ina GU₂šu₂ GARan.NU ),,,,,,,,,,,,,,,,,,,,,,,,,,,,,,,,,,,,,,,,,,,,,,,,,,
,E₃ak,1,0,1,( eḫu I | E₃ak {u₂}tarmuš {u₂}IGIlim {u₂}IGI.NIŠ ),,,,,,,,,,,,,,,,,,,,,,,,,,,,,,,,,,,,,,,,,,,,,,,,,,
,tašakkak,1,0,1,( šakānu I | ina ŠU.SAR tašakkak ina GU₂šu₂ GARan A.GUB₂.BA.A GINan ina šeri₃ {tug₂}ŠA₃.HA ),,,,,,,,,,,,,,,,,,,,,,,,,,,,,,,,,,,,,,,,,,,,,,,,,,
,šakakiim,1,0,1,( šakānu I | ana šakakiim ),,,,,,,,,,,,,,,,,,,,,,,,,,,,,,,,,,,,,,,,,,,,,,,,,,
,E₃ma,1,0,1,( bītu I | DU₃.DU₃BI {na₄}ZA.GIN₃ ina DUR SIG₂ BABBAR E₃ma KEŠ₂ KEŠ₂.KEŠ₂ ema KEŠ₂ ),,,,,,,,,,,,,,,,,,,,,,,,,,,,,,,,,,,,,,,,,,,,,,,,,,
,taša₂kak,1,0,1,( tašāku I | DU₃.DU₃.BI {na₄}ŠU.U NITA taša₂kak ),,,,,,,,,,,,,,,,,,,,,,,,,,,,,,,,,,,,,,,,,,,,,,,,,,
Namtar I,3,0,1,,,,,,,,,,,,,,,,,,,,,,,,,,,,,,,,,,,,,,,,,,,,,,,,,,,,
,WordType: UNKNOWN,,,,,,,,,,,,,,,,,,,,,,,,,,,,,,,,,,,,,,,,,,,,,,,,,,,,,,
,Language: AKKADIAN,,,,,,,,,,,,,,,,,,,,,,,,,,,,,,,,,,,,,,,,,,,,,,,,,,,,,,
,Tested Clean Values,,,,,,,,,,,,,,,,,,,,,,,,,,,,,,,,,,,,,,,,,,,,,,,,,,,,,,
,namtarišu₂,1,0,1,( namtaru I | ina namtarišu₂ marṣiiš ),,,,,,,,,,,,,,,,,,,,,,,,,,,,,,,,,,,,,,,,,,,,,,,,,,
,{d}nam.tar,1,0,1,( namtar I | {d}nam.tar lequu₂ parṣu KIti₃ DAGALti₃ ),,,,,,,,,,,,,,,,,,,,,,,,,,,,,,,,,,,,,,,,,,,,,,,,,,
,{d}NAM.TAR,1,0,1,( Namtaru I | {d}NAM.TAR lu SAG.HUL.HA.ZA lu mutu ),,,,,,,,,,,,,,,,,,,,,,,,,,,,,,,,,,,,,,,,,,,,,,,,,,
Kunnam,6,0,1,,,,,,,,,,,,,,,,,,,,,,,,,,,,,,,,,,,,,,,,,,,,,,,,,,,,
,WordType: UNKNOWN,,,,,,,,,,,,,,,,,,,,,,,,,,,,,,,,,,,,,,,,,,,,,,,,,,,,,,
,Language: AKKADIAN,,,,,,,,,,,,,,,,,,,,,,,,,,,,,,,,,,,,,,,,,,,,,,,,,,,,,,
,Tested Clean Values,,,,,,,,,,,,,,,,,,,,,,,,,,,,,,,,,,,,,,,,,,,,,,,,,,,,,,
,am,1,0,1,( am I | li-ik a-na am ),,,,,,,,,,,,,,,,,,,,,,,,,,,,,,,,,,,,,,,,,,,,,,,,,,
,ku-na-am,1,0,1,( kūnum I | ù it-bi-ma a-na ku-na-am ),,,,,,,,,,,,,,,,,,,,,,,,,,,,,,,,,,,,,,,,,,,,,,,,,,
,na-am,1,0,1,( nāmu I | na-am ši-ka-ra-am ),,,,,,,,,,,,,,,,,,,,,,,,,,,,,,,,,,,,,,,,,,,,,,,,,,
,ku-un-na-ma-an,1,0,1,( kunnu I | ṭe₄-em a-tam-ri-im ù ṭe₄-em ku-un-na-ma-an ),,,,,,,,,,,,,,,,,,,,,,,,,,,,,,,,,,,,,,,,,,,,,,,,,,
,ku-un-na-am,1,0,1,( kunnu I | ti ku-un-na-am (d)-IŠKUR-(d)-IŠKUR ),,,,,,,,,,,,,,,,,,,,,,,,,,,,,,,,,,,,,,,,,,,,,,,,,,
,ku-un,1,0,1,( kū I | i-li-ik a-na ku-un ),,,,,,,,,,,,,,,,,,,,,,,,,,,,,,,,,,,,,,,,,,,,,,,,,,
nasāqu I,7,0.142857143,0.857142857,,,,,,,,,,,,,,,,,,,,,,,,,,,,,,,,,,,,,,,,,,,,,,,,,,,,
,WordType: UNKNOWN,,,,,,,,,,,,,,,,,,,,,,,,,,,,,,,,,,,,,,,,,,,,,,,,,,,,,,
,Language: AKKADIAN,,,,,,,,,,,,,,,,,,,,,,,,,,,,,,,,,,,,,,,,,,,,,,,,,,,,,,
,Tested Clean Values,,,,,,,,,,,,,,,,,,,,,,,,,,,,,,,,,,,,,,,,,,,,,,,,,,,,,,
,nasaqu₂,1,1,0,,,,,,,,,,,,,,,,,,,,,,,,,,,,,,,,,,,,,,,,,,,,,,,,,,,
,naasqa,1,0,1,( našāqu I | ša₂ naasqa ),,,,,,,,,,,,,,,,,,,,,,,,,,,,,,,,,,,,,,,,,,,,,,,,,,
,nisiq,1,0,1,( nisiqu I | namirtu₄ nisiq ),,,,,,,,,,,,,,,,,,,,,,,,,,,,,,,,,,,,,,,,,,,,,,,,,,
,šutassuq,1,0,1,( tassu I | EN₂ tum₃mu E₂ šutassuq ),,,,,,,,,,,,,,,,,,,,,,,,,,,,,,,,,,,,,,,,,,,,,,,,,,
,muussiqu₂,1,0,1,( mušqu I | ANe u₃ muussiqu₂ ),,,,,,,,,,,,,,,,,,,,,,,,,,,,,,,,,,,,,,,,,,,,,,,,,,
,naassiiq,1,0,1,( naṣāqu I | naassiiq niešmušu₂ ),,,,,,,,,,,,,,,,,,,,,,,,,,,,,,,,,,,,,,,,,,,,,,,,,,
,nasiqma,1,0,1,( nasiqu I | attama nasiqma zikiršu₂ ),,,,,,,,,,,,,,,,,,,,,,,,,,,,,,,,,,,,,,,,,,,,,,,,,,
kimahu I,3,0,1,,,,,,,,,,,,,,,,,,,,,,,,,,,,,,,,,,,,,,,,,,,,,,,,,,,,
,WordType: UNKNOWN,,,,,,,,,,,,,,,,,,,,,,,,,,,,,,,,,,,,,,,,,,,,,,,,,,,,,,
,Language: AKKADIAN,,,,,,,,,,,,,,,,,,,,,,,,,,,,,,,,,,,,,,,,,,,,,,,,,,,,,,
,Tested Clean Values,,,,,,,,,,,,,,,,,,,,,,,,,,,,,,,,,,,,,,,,,,,,,,,,,,,,,,
,KI.MAH,1,0,1,( mātu I | DIŠ KI.MAH DU₃uš IBILAšu₂ ),,,,,,,,,,,,,,,,,,,,,,,,,,,,,,,,,,,,,,,,,,,,,,,,,,
,KI.MAHšu₂,1,0,1,( ki-mah I | DIŠ isihti KI.MAHšu₂ isih GAM DIŠ ŠE₁₀ parutišu₂ hepi₂ eššu₂ izzi GAM ),,,,,,,,,,,,,,,,,,,,,,,,,,,,,,,,,,,,,,,,,,,,,,,,,,
,KI.MAHmi,1,0,1,( kiššatu I | KI.MAHmi aniaam ),,,,,,,,,,,,,,,,,,,,,,,,,,,,,,,,,,,,,,,,,,,,,,,,,,
taklimtu I,3,0,1,,,,,,,,,,,,,,,,,,,,,,,,,,,,,,,,,,,,,,,,,,,,,,,,,,,,
,WordType: UNKNOWN,,,,,,,,,,,,,,,,,,,,,,,,,,,,,,,,,,,,,,,,,,,,,,,,,,,,,,
,Language: AKKADIAN,,,,,,,,,,,,,,,,,,,,,,,,,,,,,,,,,,,,,,,,,,,,,,,,,,,,,,
,Tested Clean Values,,,,,,,,,,,,,,,,,,,,,,,,,,,,,,,,,,,,,,,,,,,,,,,,,,,,,,
,taklimtu₄,1,0,1,( taklītu I | taklimtu₄ {d}e₂a ina tukalli ),,,,,,,,,,,,,,,,,,,,,,,,,,,,,,,,,,,,,,,,,,,,,,,,,,
,taklimtišu₂nu,1,0,1,( taklīmtu I | ana taklimtišu₂nu ),,,,,,,,,,,,,,,,,,,,,,,,,,,,,,,,,,,,,,,,,,,,,,,,,,
,taklimti,1,0,1,( taklīmtu I | baan u šuluhhi taklimti {d}e₂a ABZU ),,,,,,,,,,,,,,,,,,,,,,,,,,,,,,,,,,,,,,,,,,,,,,,,,,
ra'ību I,3,0,1,,,,,,,,,,,,,,,,,,,,,,,,,,,,,,,,,,,,,,,,,,,,,,,,,,,,
,WordType: UNKNOWN,,,,,,,,,,,,,,,,,,,,,,,,,,,,,,,,,,,,,,,,,,,,,,,,,,,,,,
,Language: AKKADIAN,,,,,,,,,,,,,,,,,,,,,,,,,,,,,,,,,,,,,,,,,,,,,,,,,,,,,,
,Tested Clean Values,,,,,,,,,,,,,,,,,,,,,,,,,,,,,,,,,,,,,,,,,,,,,,,,,,,,,,
,raʾiiba,1,0,1,( raʾibu I | raʾiiba TUKUši UBMEŠšu₂ GU₇MEŠšu₂ ŠU+MINšu₂ u GIR₃+MINšu₂ SED ),,,,,,,,,,,,,,,,,,,,,,,,,,,,,,,,,,,,,,,,,,,,,,,,,,
,{d}raʾiibi,1,0,1,( raʾibu I | DIŠ TA GIG šaptišu₂ uštanattak u ṣalil ŠU {d}raʾiibi ),,,,,,,,,,,,,,,,,,,,,,,,,,,,,,,,,,,,,,,,,,,,,,,,,,
,raʾibi,1,0,1,( ra'ibu I ),,,,,,,,,,,,,,,,,,,,,,,,,,,,,,,,,,,,,,,,,,,,,,,,,,
kasû I,5,0.4,0.6,,,,,,,,,,,,,,,,,,,,,,,,,,,,,,,,,,,,,,,,,,,,,,,,,,,,
,WordType: UNKNOWN,,,,,,,,,,,,,,,,,,,,,,,,,,,,,,,,,,,,,,,,,,,,,,,,,,,,,,
,Language: AKKADIAN,,,,,,,,,,,,,,,,,,,,,,,,,,,,,,,,,,,,,,,,,,,,,,,,,,,,,,
,Tested Clean Values,,,,,,,,,,,,,,,,,,,,,,,,,,,,,,,,,,,,,,,,,,,,,,,,,,,,,,
,kasaa,1,1,0,,,,,,,,,,,,,,,,,,,,,,,,,,,,,,,,,,,,,,,,,,,,,,,,,,,
,kasuu,1,1,0,,,,,,,,,,,,,,,,,,,,,,,,,,,,,,,,,,,,,,,,,,,,,,,,,,,
,tukas₃saa,1,0,1,( tukāšu I | NUMEŠMU tuggira tukas₃saa ),,,,,,,,,,,,,,,,,,,,,,,,,,,,,,,,,,,,,,,,,,,,,,,,,,
,kasaama,1,0,1,( kasa I | kasaama ),,,,,,,,,,,,,,,,,,,,,,,,,,,,,,,,,,,,,,,,,,,,,,,,,,
,kasaku,1,0,1,( kasāku I | nakaru kasaku ),,,,,,,,,,,,,,,,,,,,,,,,,,,,,,,,,,,,,,,,,,,,,,,,,,
haṣāru I,2,0,1,,,,,,,,,,,,,,,,,,,,,,,,,,,,,,,,,,,,,,,,,,,,,,,,,,,,
,WordType: UNKNOWN,,,,,,,,,,,,,,,,,,,,,,,,,,,,,,,,,,,,,,,,,,,,,,,,,,,,,,
,Language: AKKADIAN,,,,,,,,,,,,,,,,,,,,,,,,,,,,,,,,,,,,,,,,,,,,,,,,,,,,,,
,Tested Clean Values,,,,,,,,,,,,,,,,,,,,,,,,,,,,,,,,,,,,,,,,,,,,,,,,,,,,,,
,haṣari,1,0,1,( haṣaru I | ina haṣari inaandinʾ elat 1+en {giš}GIŠIMMAR ),,,,,,,,,,,,,,,,,,,,,,,,,,,,,,,,,,,,,,,,,,,,,,,,,,
,haṣarika,1,0,1,( haṣaru I | ina haṣarika ),,,,,,,,,,,,,,,,,,,,,,,,,,,,,,,,,,,,,,,,,,,,,,,,,,
ṣirû II,1,0,1,,,,,,,,,,,,,,,,,,,,,,,,,,,,,,,,,,,,,,,,,,,,,,,,,,,,
,WordType: UNKNOWN,,,,,,,,,,,,,,,,,,,,,,,,,,,,,,,,,,,,,,,,,,,,,,,,,,,,,,
,Language: AKKADIAN,,,,,,,,,,,,,,,,,,,,,,,,,,,,,,,,,,,,,,,,,,,,,,,,,,,,,,
,Tested Clean Values,,,,,,,,,,,,,,,,,,,,,,,,,,,,,,,,,,,,,,,,,,,,,,,,,,,,,,
,ṣiree,1,0,1,( ṣiru I | KURka ina ṣiree umal₂li ),,,,,,,,,,,,,,,,,,,,,,,,,,,,,,,,,,,,,,,,,,,,,,,,,,
pappu II,1,0,1,,,,,,,,,,,,,,,,,,,,,,,,,,,,,,,,,,,,,,,,,,,,,,,,,,,,
,WordType: UNKNOWN,,,,,,,,,,,,,,,,,,,,,,,,,,,,,,,,,,,,,,,,,,,,,,,,,,,,,,
,Language: AKKADIAN,,,,,,,,,,,,,,,,,,,,,,,,,,,,,,,,,,,,,,,,,,,,,,,,,,,,,,
,Tested Clean Values,,,,,,,,,,,,,,,,,,,,,,,,,,,,,,,,,,,,,,,,,,,,,,,,,,,,,,
,PAP,1,0,1,( pap I | BE ŠA₃.NIGIN GIM PAP KI.TUŠka ana KI.TUŠ KUR₂ka SI.SA₂ir ),,,,,,,,,,,,,,,,,,,,,,,,,,,,,,,,,,,,,,,,,,,,,,,,,,
nalbanatta I,1,0,1,,,,,,,,,,,,,,,,,,,,,,,,,,,,,,,,,,,,,,,,,,,,,,,,,,,,
,WordType: UNKNOWN,,,,,,,,,,,,,,,,,,,,,,,,,,,,,,,,,,,,,,,,,,,,,,,,,,,,,,
,Language: AKKADIAN,,,,,,,,,,,,,,,,,,,,,,,,,,,,,,,,,,,,,,,,,,,,,,,,,,,,,,
,Tested Clean Values,,,,,,,,,,,,,,,,,,,,,,,,,,,,,,,,,,,,,,,,,,,,,,,,,,,,,,
,naalbanaatta,1,0,1,( naalban I | E₂ naalbanaatta ŠUBdi E₂ BI ŠUBdi BIRah ),,,,,,,,,,,,,,,,,,,,,,,,,,,,,,,,,,,,,,,,,,,,,,,,,,
kissugu I,2,0,1,,,,,,,,,,,,,,,,,,,,,,,,,,,,,,,,,,,,,,,,,,,,,,,,,,,,
,WordType: UNKNOWN,,,,,,,,,,,,,,,,,,,,,,,,,,,,,,,,,,,,,,,,,,,,,,,,,,,,,,
,Language: AKKADIAN,,,,,,,,,,,,,,,,,,,,,,,,,,,,,,,,,,,,,,,,,,,,,,,,,,,,,,
,Tested Clean Values,,,,,,,,,,,,,,,,,,,,,,,,,,,,,,,,,,,,,,,,,,,,,,,,,,,,,,
,kiissugi,1,0,1,( kiššû I | kiissugi ),,,,,,,,,,,,,,,,,,,,,,,,,,,,,,,,,,,,,,,,,,,,,,,,,,
,kiissugu,1,0,1,( kiššū I | UR.MAH GARin pagru meriinnu kiissugu ),,,,,,,,,,,,,,,,,,,,,,,,,,,,,,,,,,,,,,,,,,,,,,,,,,
sahlânu I,3,0,1,,,,,,,,,,,,,,,,,,,,,,,,,,,,,,,,,,,,,,,,,,,,,,,,,,,,
,WordType: UNKNOWN,,,,,,,,,,,,,,,,,,,,,,,,,,,,,,,,,,,,,,,,,,,,,,,,,,,,,,
,Language: AKKADIAN,,,,,,,,,,,,,,,,,,,,,,,,,,,,,,,,,,,,,,,,,,,,,,,,,,,,,,
,Tested Clean Values,,,,,,,,,,,,,,,,,,,,,,,,,,,,,,,,,,,,,,,,,,,,,,,,,,,,,,
,{u₂}sahlanu,1,0,1,( sahlanu I | U₂ GARšu₂ GIM ZA₃.HI.LI sahlee {u₂}sahlanu MUNI ),,,,,,,,,,,,,,,,,,,,,,,,,,,,,,,,,,,,,,,,,,,,,,,,,,
,{u₂}sahlaanu,1,0,1,( sahlānu I | DIŠ KI.MIN {u₂}sahlaanu SUD₂ ina GEŠTIN KALAG.GA NU patan ),,,,,,,,,,,,,,,,,,,,,,,,,,,,,,,,,,,,,,,,,,,,,,,,,,
,{u₂}sahlana,1,0,1,( sahlānu I | HENBUR₂ {u₂}UKUŠ₂.HAB {u₂}sahlana SUD₂ ina ),,,,,,,,,,,,,,,,,,,,,,,,,,,,,,,,,,,,,,,,,,,,,,,,,,
šāmu I,2,0,1,,,,,,,,,,,,,,,,,,,,,,,,,,,,,,,,,,,,,,,,,,,,,,,,,,,,
,WordType: UNKNOWN,,,,,,,,,,,,,,,,,,,,,,,,,,,,,,,,,,,,,,,,,,,,,,,,,,,,,,
,Language: AKKADIAN,,,,,,,,,,,,,,,,,,,,,,,,,,,,,,,,,,,,,,,,,,,,,,,,,,,,,,
,Tested Clean Values,,,,,,,,,,,,,,,,,,,,,,,,,,,,,,,,,,,,,,,,,,,,,,,,,,,,,,
,šamiim,1,0,1,( šamû I ),,,,,,,,,,,,,,,,,,,,,,,,,,,,,,,,,,,,,,,,,,,,,,,,,,
,SU₃,1,0,1,( su I | DIŠ DUNGU SU₃ AN.UR₂ irim U₄ ŠU₂am ana U₄ 3.KAM₂ ŠEG₃ ),,,,,,,,,,,,,,,,,,,,,,,,,,,,,,,,,,,,,,,,,,,,,,,,,,
Abi-eqar,1,0,1,,,,,,,,,,,,,,,,,,,,,,,,,,,,,,,,,,,,,,,,,,,,,,,,,,,,
,WordType: UNKNOWN,,,,,,,,,,,,,,,,,,,,,,,,,,,,,,,,,,,,,,,,,,,,,,,,,,,,,,
,Language: AKKADIAN,,,,,,,,,,,,,,,,,,,,,,,,,,,,,,,,,,,,,,,,,,,,,,,,,,,,,,
,Tested Clean Values,,,,,,,,,,,,,,,,,,,,,,,,,,,,,,,,,,,,,,,,,,,,,,,,,,,,,,
,a-bi-e-qar,1,0,1,( abālu I | be-lí a-na a-bi-e-qar ŠU-I ),,,,,,,,,,,,,,,,,,,,,,,,,,,,,,,,,,,,,,,,,,,,,,,,,,
Enmeduranki I,1,1,0,,,,,,,,,,,,,,,,,,,,,,,,,,,,,,,,,,,,,,,,,,,,,,,,,,,,
,WordType: UNKNOWN,,,,,,,,,,,,,,,,,,,,,,,,,,,,,,,,,,,,,,,,,,,,,,,,,,,,,,
,Language: AKKADIAN,,,,,,,,,,,,,,,,,,,,,,,,,,,,,,,,,,,,,,,,,,,,,,,,,,,,,,
,Tested Clean Values,,,,,,,,,,,,,,,,,,,,,,,,,,,,,,,,,,,,,,,,,,,,,,,,,,,,,,
,{m}enmeduranki,1,1,0,,,,,,,,,,,,,,,,,,,,,,,,,,,,,,,,,,,,,,,,,,,,,,,,,,,
Nimru I,1,0,1,,,,,,,,,,,,,,,,,,,,,,,,,,,,,,,,,,,,,,,,,,,,,,,,,,,,
,WordType: UNKNOWN,,,,,,,,,,,,,,,,,,,,,,,,,,,,,,,,,,,,,,,,,,,,,,,,,,,,,,
,Language: AKKADIAN,,,,,,,,,,,,,,,,,,,,,,,,,,,,,,,,,,,,,,,,,,,,,,,,,,,,,,
,Tested Clean Values,,,,,,,,,,,,,,,,,,,,,,,,,,,,,,,,,,,,,,,,,,,,,,,,,,,,,,
,{mul₂}UD.KA.DUH.A,1,0,1,( uddu I | ina {iti}SIG₄ asidu ša₂ {mul₂}UD.KA.DUH.A ina MURUB₄ ),,,,,,,,,,,,,,,,,,,,,,,,,,,,,,,,,,,,,,,,,,,,,,,,,,
